{"cameraMode":{"drawMode":0,"name":"Shaded","section":"Shading Mode"},"sceneLighting":false,"audioPlay":false,"sceneViewState":{"m_AlwaysRefresh":false,"showFog":false,"showSkybox":false,"showFlares":false,"showImageEffects":false,"showParticleSystems":false,"showVisualEffectGraphs":true,"m_FxEnabled":true},"in2DMode":false,"pivot":{"x":-0.8067531585693359,"y":1.4111332893371583,"z":-0.013782903552055359},"rotation":{"x":0.10129350423812866,"y":0.7094188332557678,"z":-0.689700186252594,"w":0.10415558516979218},"size":0.0640873908996582,"orthographic":false}