{"cameraMode":{"drawMode":0,"name":"Shaded","section":"Shading Mode"},"sceneLighting":false,"audioPlay":false,"sceneViewState":{"m_AlwaysRefresh":false,"showFog":false,"showSkybox":false,"showFlares":false,"showImageEffects":false,"showParticleSystems":false,"showVisualEffectGraphs":true,"m_FxEnabled":true},"in2DMode":false,"pivot":{"x":-0.011888682842254639,"y":0.8356504440307617,"z":0.08266860246658325},"rotation":{"x":-0.010284334421157837,"y":0.9221944808959961,"z":-0.38589251041412356,"w":-0.02463584765791893},"size":0.9441285729408264,"orthographic":false}